GEOID,NAME,Total_Population,Median_Household_Income,Poverty_Count,Poverty_Rate,Total_Housing_Units_Calc,Occupied_Housing_Units,Vacant_Housing_Units,Vacancy_Rate,tract,year
56021002000,"Census Tract 20, Laramie County, Wyoming",7442.0,61739.0,321.0,0.043133566245632894,3060.0,2777.0,283.0,0.09248366013071896,002000,2013
56021000600,"Census Tract 6, Laramie County, Wyoming",6177.0,43650.0,696.0,0.11267605633802817,2863.0,2690.0,173.0,0.06042612644079637,000600,2013
56021000700,"Census Tract 7, Laramie County, Wyoming",4053.0,33088.0,532.0,0.13126079447322972,2307.0,1915.0,392.0,0.16991764195925443,000700,2013
56021000800,"Census Tract 8, Laramie County, Wyoming",1706.0,62015.0,120.0,0.07033997655334115,873.0,811.0,62.0,0.07101947308132875,000800,2013
56021001000,"Census Tract 10, Laramie County, Wyoming",3374.0,40848.0,522.0,0.15471250740960285,1728.0,1443.0,285.0,0.16493055555555555,001000,2013
56021001300,"Census Tract 13, Laramie County, Wyoming",7642.0,75739.0,384.0,0.05024862601413243,3179.0,3026.0,153.0,0.0481283422459893,001300,2013
56021000402,"Census Tract 4.02, Laramie County, Wyoming",5323.0,42097.0,963.0,0.18091301897426262,2293.0,2195.0,98.0,0.04273877017008286,000402,2013
56021001100,"Census Tract 11, Laramie County, Wyoming",3084.0,46761.0,31.0,0.010051880674448769,902.0,769.0,133.0,0.14745011086474502,001100,2013
56021001200,"Census Tract 12, Laramie County, Wyoming",4682.0,87143.0,110.0,0.02349423323366083,2169.0,2054.0,115.0,0.05301982480405717,001200,2013
56021001502,"Census Tract 15.02, Laramie County, Wyoming",5157.0,39561.0,1259.0,0.2441341865425635,2399.0,2073.0,326.0,0.13588995414756147,001502,2013
56021000300,"Census Tract 3, Laramie County, Wyoming",3786.0,50461.0,668.0,0.17643951399894348,1453.0,1354.0,99.0,0.06813489332415691,000300,2013
56021000401,"Census Tract 4.01, Laramie County, Wyoming",4975.0,49366.0,780.0,0.15678391959798996,2023.0,1839.0,184.0,0.09095402867029165,000401,2013
56021001501,"Census Tract 15.01, Laramie County, Wyoming",4779.0,71528.0,316.0,0.06612261979493618,2039.0,1847.0,192.0,0.09416380578715057,001501,2013
56021000200,"Census Tract 2, Laramie County, Wyoming",4424.0,30189.0,1603.0,0.3623417721518987,2235.0,1776.0,459.0,0.20536912751677852,000200,2013
56021000900,"Census Tract 9, Laramie County, Wyoming",2410.0,64766.0,71.0,0.02946058091286307,1446.0,1244.0,202.0,0.1396957123098202,000900,2013
56021000501,"Census Tract 5.01, Laramie County, Wyoming",8161.0,67264.0,738.0,0.09043009435118245,3142.0,2954.0,188.0,0.05983450031826862,000501,2013
56021001401,"Census Tract 14.01, Laramie County, Wyoming",4110.0,62054.0,262.0,0.06374695863746958,1631.0,1559.0,72.0,0.04414469650521153,001401,2013
56021001402,"Census Tract 14.02, Laramie County, Wyoming",2450.0,71211.0,155.0,0.06326530612244897,985.0,985.0,0.0,0.0,001402,2013
56021001901,"Census Tract 19.01, Laramie County, Wyoming",5369.0,100572.0,107.0,0.019929223319053828,1982.0,1925.0,57.0,0.02875882946518668,001901,2013
56021001902,"Census Tract 19.02, Laramie County, Wyoming",3969.0,76035.0,182.0,0.04585537918871252,1873.0,1623.0,250.0,0.13347570742124934,001902,2013
56021980801,"Census Tract 9808.01, Laramie County, Wyoming",0.0,,0.0,,0.0,0.0,0.0,,980801,2013
56021000501,"Census Tract 5.01, Laramie County, Wyoming",8376.0,63750.0,958.0,0.11437440305635148,3152.0,2947.0,205.0,0.06503807106598984,000501,2014
56021001401,"Census Tract 14.01, Laramie County, Wyoming",4226.0,68859.0,319.0,0.0754850922858495,1607.0,1607.0,0.0,0.0,001401,2014
56021001402,"Census Tract 14.02, Laramie County, Wyoming",2484.0,72380.0,166.0,0.06682769726247988,997.0,997.0,0.0,0.0,001402,2014
56021001901,"Census Tract 19.01, Laramie County, Wyoming",5601.0,103203.0,206.0,0.03677914658096768,1975.0,1941.0,34.0,0.017215189873417722,001901,2014
56021001902,"Census Tract 19.02, Laramie County, Wyoming",4340.0,81895.0,185.0,0.04262672811059908,1886.0,1655.0,231.0,0.1224814422057264,001902,2014
56021002000,"Census Tract 20, Laramie County, Wyoming",7731.0,66783.0,399.0,0.051610399689561506,3274.0,2958.0,316.0,0.09651802076970067,002000,2014
56021000600,"Census Tract 6, Laramie County, Wyoming",5939.0,45385.0,599.0,0.10085873042599765,2941.0,2740.0,201.0,0.06834410064603877,000600,2014
56021000700,"Census Tract 7, Laramie County, Wyoming",4247.0,34202.0,597.0,0.1405698139863433,2322.0,1925.0,397.0,0.17097329888027563,000700,2014
56021000800,"Census Tract 8, Laramie County, Wyoming",1797.0,63804.0,167.0,0.09293266555370061,877.0,818.0,59.0,0.06727480045610035,000800,2014
56021001000,"Census Tract 10, Laramie County, Wyoming",3356.0,41347.0,671.0,0.1999404052443385,1724.0,1459.0,265.0,0.1537122969837587,001000,2014
56021001300,"Census Tract 13, Laramie County, Wyoming",7671.0,76467.0,360.0,0.046929996089166995,3236.0,3108.0,128.0,0.03955500618046971,001300,2014
56021000402,"Census Tract 4.02, Laramie County, Wyoming",5797.0,41551.0,1174.0,0.2025185440745213,2396.0,2307.0,89.0,0.03714524207011686,000402,2014
56021001100,"Census Tract 11, Laramie County, Wyoming",2746.0,46689.0,39.0,0.014202476329206118,803.0,686.0,117.0,0.14570361145703611,001100,2014
56021001200,"Census Tract 12, Laramie County, Wyoming",4624.0,86218.0,86.0,0.018598615916955018,2160.0,2060.0,100.0,0.046296296296296294,001200,2014
56021001502,"Census Tract 15.02, Laramie County, Wyoming",5010.0,37382.0,1099.0,0.21936127744510978,2420.0,2039.0,381.0,0.1574380165289256,001502,2014
56021000300,"Census Tract 3, Laramie County, Wyoming",3660.0,59263.0,296.0,0.08087431693989071,1423.0,1307.0,116.0,0.08151791988756149,000300,2014
56021000401,"Census Tract 4.01, Laramie County, Wyoming",4747.0,52760.0,666.0,0.1402991362966084,2065.0,1849.0,216.0,0.10460048426150122,000401,2014
56021001501,"Census Tract 15.01, Laramie County, Wyoming",5050.0,74013.0,366.0,0.07247524752475247,2015.0,1882.0,133.0,0.06600496277915632,001501,2014
56021000200,"Census Tract 2, Laramie County, Wyoming",4543.0,37909.0,1281.0,0.28197226502311246,2280.0,1829.0,451.0,0.19780701754385965,000200,2014
56021000900,"Census Tract 9, Laramie County, Wyoming",2467.0,64857.0,94.0,0.03810295905958654,1418.0,1250.0,168.0,0.11847672778561354,000900,2014
56021980801,"Census Tract 9808.01, Laramie County, Wyoming",0.0,,0.0,,0.0,0.0,0.0,,980801,2014
56021002000,"Census Tract 20, Laramie County, Wyoming",8158.0,72716.0,257.0,0.031502819318460405,3366.0,3072.0,294.0,0.0873440285204991,002000,2015
56021000600,"Census Tract 6, Laramie County, Wyoming",6053.0,50069.0,567.0,0.09367255906162233,2917.0,2681.0,236.0,0.08090503942406582,000600,2015
56021000700,"Census Tract 7, Laramie County, Wyoming",4332.0,36756.0,734.0,0.16943674976915973,2351.0,1933.0,418.0,0.17779668226286688,000700,2015
56021000800,"Census Tract 8, Laramie County, Wyoming",1866.0,61934.0,189.0,0.10128617363344052,897.0,846.0,51.0,0.056856187290969896,000800,2015
56021001000,"Census Tract 10, Laramie County, Wyoming",3273.0,41522.0,725.0,0.22150931866788878,1703.0,1381.0,322.0,0.18907809747504403,001000,2015
56021001300,"Census Tract 13, Laramie County, Wyoming",7965.0,77685.0,318.0,0.03992467043314501,3339.0,3252.0,87.0,0.02605570530098832,001300,2015
56021000402,"Census Tract 4.02, Laramie County, Wyoming",6174.0,40839.0,1268.0,0.20537738905085845,2474.0,2356.0,118.0,0.047696038803556995,000402,2015
56021001100,"Census Tract 11, Laramie County, Wyoming",2634.0,50982.0,44.0,0.016704631738800303,716.0,597.0,119.0,0.16620111731843576,001100,2015
56021001200,"Census Tract 12, Laramie County, Wyoming",4686.0,98917.0,54.0,0.011523687580025609,2226.0,2091.0,135.0,0.06064690026954178,001200,2015
56021001502,"Census Tract 15.02, Laramie County, Wyoming",4916.0,37414.0,936.0,0.1903986981285598,2468.0,2060.0,408.0,0.16531604538087522,001502,2015
56021000300,"Census Tract 3, Laramie County, Wyoming",3717.0,61283.0,361.0,0.09712133440947,1466.0,1325.0,141.0,0.09618008185538882,000300,2015
56021000401,"Census Tract 4.01, Laramie County, Wyoming",4790.0,48464.0,662.0,0.13820459290187892,2042.0,1815.0,227.0,0.11116552399608227,000401,2015
56021001501,"Census Tract 15.01, Laramie County, Wyoming",4969.0,73913.0,304.0,0.061179311732743005,1978.0,1778.0,200.0,0.10111223458038422,001501,2015
56021000200,"Census Tract 2, Laramie County, Wyoming",4344.0,37917.0,1286.0,0.2960405156537753,2314.0,1864.0,450.0,0.1944684528954192,000200,2015
56021000900,"Census Tract 9, Laramie County, Wyoming",2631.0,66200.0,116.0,0.044089699733941466,1376.0,1220.0,156.0,0.11337209302325581,000900,2015
56021000501,"Census Tract 5.01, Laramie County, Wyoming",8555.0,72182.0,676.0,0.07901811805961426,3239.0,2983.0,256.0,0.07903673973448595,000501,2015
56021001401,"Census Tract 14.01, Laramie County, Wyoming",4351.0,73125.0,349.0,0.08021144564467939,1624.0,1599.0,25.0,0.01539408866995074,001401,2015
56021001402,"Census Tract 14.02, Laramie County, Wyoming",2497.0,70877.0,184.0,0.0736884261113336,1016.0,997.0,19.0,0.018700787401574805,001402,2015
56021001901,"Census Tract 19.01, Laramie County, Wyoming",5283.0,96838.0,181.0,0.034260836645845165,1910.0,1858.0,52.0,0.027225130890052355,001901,2015
56021001902,"Census Tract 19.02, Laramie County, Wyoming",4237.0,81328.0,158.0,0.03729053575643144,1834.0,1586.0,248.0,0.13522355507088332,001902,2015
56021980801,"Census Tract 9808.01, Laramie County, Wyoming",0.0,,0.0,,0.0,0.0,0.0,,980801,2015
56021002000,"Census Tract 20, Laramie County, Wyoming",8906.0,73930.0,518.0,0.05816303615540085,3495.0,3143.0,352.0,0.10071530758226037,002000,2016
56021000600,"Census Tract 6, Laramie County, Wyoming",6143.0,55265.0,495.0,0.08057952140647892,2881.0,2621.0,260.0,0.09024644220756682,000600,2016
56021000700,"Census Tract 7, Laramie County, Wyoming",3971.0,33068.0,918.0,0.2311760261898766,2327.0,1900.0,427.0,0.18349806617963044,000700,2016
56021000800,"Census Tract 8, Laramie County, Wyoming",1888.0,66985.0,178.0,0.09427966101694915,894.0,841.0,53.0,0.0592841163310962,000800,2016
56021001000,"Census Tract 10, Laramie County, Wyoming",3204.0,44720.0,461.0,0.14388264669163545,1680.0,1361.0,319.0,0.18988095238095237,001000,2016
56021001300,"Census Tract 13, Laramie County, Wyoming",7980.0,77254.0,244.0,0.030576441102756893,3416.0,3312.0,104.0,0.03044496487119438,001300,2016
56021000402,"Census Tract 4.02, Laramie County, Wyoming",6269.0,36662.0,1493.0,0.23815600574254267,2530.0,2407.0,123.0,0.04861660079051383,000402,2016
56021001100,"Census Tract 11, Laramie County, Wyoming",2430.0,47049.0,54.0,0.022222222222222223,655.0,564.0,91.0,0.13893129770992366,001100,2016
56021001200,"Census Tract 12, Laramie County, Wyoming",4740.0,89583.0,51.0,0.010759493670886076,2248.0,2043.0,205.0,0.09119217081850534,001200,2016
56021001502,"Census Tract 15.02, Laramie County, Wyoming",5013.0,39266.0,994.0,0.19828446040295233,2455.0,2052.0,403.0,0.16415478615071283,001502,2016
56021000300,"Census Tract 3, Laramie County, Wyoming",3699.0,60406.0,338.0,0.09137604758042714,1508.0,1340.0,168.0,0.11140583554376658,000300,2016
56021000401,"Census Tract 4.01, Laramie County, Wyoming",4728.0,50833.0,707.0,0.1495346869712352,1965.0,1706.0,259.0,0.13180661577608144,000401,2016
56021001501,"Census Tract 15.01, Laramie County, Wyoming",5380.0,69279.0,327.0,0.06078066914498141,2060.0,1933.0,127.0,0.06165048543689321,001501,2016
56021000200,"Census Tract 2, Laramie County, Wyoming",4249.0,42764.0,1144.0,0.26923982113438455,2329.0,1827.0,502.0,0.21554315156719622,000200,2016
56021000900,"Census Tract 9, Laramie County, Wyoming",2688.0,70000.0,162.0,0.060267857142857144,1381.0,1202.0,179.0,0.12961622013034033,000900,2016
56021000501,"Census Tract 5.01, Laramie County, Wyoming",8819.0,67074.0,770.0,0.08731148656310239,3274.0,3039.0,235.0,0.07177764202810018,000501,2016
56021001401,"Census Tract 14.01, Laramie County, Wyoming",4234.0,68455.0,431.0,0.10179499291450166,1633.0,1605.0,28.0,0.017146356399265157,001401,2016
56021001402,"Census Tract 14.02, Laramie County, Wyoming",2657.0,73578.0,134.0,0.05043281896876176,1066.0,1035.0,31.0,0.029080675422138838,001402,2016
56021001901,"Census Tract 19.01, Laramie County, Wyoming",5222.0,92115.0,245.0,0.04691689008042895,1945.0,1888.0,57.0,0.02930591259640103,001901,2016
56021001902,"Census Tract 19.02, Laramie County, Wyoming",4239.0,87226.0,148.0,0.03491389478650625,1829.0,1543.0,286.0,0.15636960087479496,001902,2016
56021980801,"Census Tract 9808.01, Laramie County, Wyoming",0.0,,0.0,,0.0,0.0,0.0,,980801,2016
56021000501,"Census Tract 5.01, Laramie County, Wyoming",8782.0,72115.0,822.0,0.09360054657253473,3370.0,3132.0,238.0,0.07062314540059347,000501,2017
56021001401,"Census Tract 14.01, Laramie County, Wyoming",4170.0,71952.0,406.0,0.0973621103117506,1655.0,1607.0,48.0,0.029003021148036254,001401,2017
56021001402,"Census Tract 14.02, Laramie County, Wyoming",2657.0,76250.0,203.0,0.07640195709446744,1101.0,1029.0,72.0,0.0653950953678474,001402,2017
56021001901,"Census Tract 19.01, Laramie County, Wyoming",5001.0,94392.0,296.0,0.0591881623675265,1931.0,1868.0,63.0,0.03262558259968928,001901,2017
56021001902,"Census Tract 19.02, Laramie County, Wyoming",4277.0,84946.0,217.0,0.05073649754500818,1924.0,1634.0,290.0,0.15072765072765074,001902,2017
56021980801,"Census Tract 9808.01, Laramie County, Wyoming",0.0,,0.0,,0.0,0.0,0.0,,980801,2017
56021002000,"Census Tract 20, Laramie County, Wyoming",8727.0,75877.0,690.0,0.07906497078033689,3553.0,3221.0,332.0,0.09344216155361666,002000,2017
56021000600,"Census Tract 6, Laramie County, Wyoming",6045.0,54769.0,715.0,0.11827956989247312,2961.0,2597.0,364.0,0.12293144208037825,000600,2017
56021000700,"Census Tract 7, Laramie County, Wyoming",4023.0,33596.0,906.0,0.22520507084265473,2366.0,1941.0,425.0,0.17962806424344885,000700,2017
56021000800,"Census Tract 8, Laramie County, Wyoming",1863.0,68462.0,156.0,0.08373590982286634,901.0,840.0,61.0,0.06770255271920089,000800,2017
56021001000,"Census Tract 10, Laramie County, Wyoming",3308.0,45129.0,465.0,0.1405683192261185,1634.0,1423.0,211.0,0.1291309669522644,001000,2017
56021001300,"Census Tract 13, Laramie County, Wyoming",8266.0,82321.0,351.0,0.04246310186305347,3561.0,3561.0,0.0,0.0,001300,2017
56021000402,"Census Tract 4.02, Laramie County, Wyoming",6923.0,38900.0,1326.0,0.19153546150512785,2697.0,2584.0,113.0,0.041898405635891735,000402,2017
56021001100,"Census Tract 11, Laramie County, Wyoming",2208.0,62200.0,21.0,0.009510869565217392,543.0,466.0,77.0,0.141804788213628,001100,2017
56021001200,"Census Tract 12, Laramie County, Wyoming",4788.0,86833.0,137.0,0.028613199665831243,2351.0,2128.0,223.0,0.09485325393449597,001200,2017
56021001502,"Census Tract 15.02, Laramie County, Wyoming",4522.0,40938.0,860.0,0.1901813356921716,2516.0,2090.0,426.0,0.16931637519872814,001502,2017
56021000300,"Census Tract 3, Laramie County, Wyoming",3771.0,64545.0,246.0,0.06523468575974542,1498.0,1340.0,158.0,0.1054739652870494,000300,2017
56021000401,"Census Tract 4.01, Laramie County, Wyoming",5081.0,54541.0,783.0,0.15410352292855736,1989.0,1818.0,171.0,0.08597285067873303,000401,2017
56021001501,"Census Tract 15.01, Laramie County, Wyoming",5354.0,68031.0,244.0,0.04557340306313037,2148.0,1973.0,175.0,0.08147113594040968,001501,2017
56021000200,"Census Tract 2, Laramie County, Wyoming",4318.0,43213.0,774.0,0.1792496526169523,2321.0,1903.0,418.0,0.18009478672985782,000200,2017
56021000900,"Census Tract 9, Laramie County, Wyoming",2947.0,70786.0,210.0,0.07125890736342043,1404.0,1292.0,112.0,0.07977207977207977,000900,2017
56021000501,"Census Tract 5.01, Laramie County, Wyoming",8714.0,74960.0,948.0,0.108790452145972,3311.0,3157.0,154.0,0.046511627906976744,000501,2018
56021001401,"Census Tract 14.01, Laramie County, Wyoming",3996.0,76111.0,373.0,0.09334334334334335,1643.0,1520.0,123.0,0.07486305538648813,001401,2018
56021001402,"Census Tract 14.02, Laramie County, Wyoming",2714.0,75000.0,203.0,0.07479734708916728,1115.0,1040.0,75.0,0.06726457399103139,001402,2018
56021001901,"Census Tract 19.01, Laramie County, Wyoming",5455.0,95497.0,260.0,0.04766269477543538,2097.0,2045.0,52.0,0.02479732951835956,001901,2018
56021001902,"Census Tract 19.02, Laramie County, Wyoming",4326.0,83231.0,224.0,0.05177993527508091,2004.0,1700.0,304.0,0.15169660678642716,001902,2018
56021980801,"Census Tract 9808.01, Laramie County, Wyoming",0.0,,0.0,,0.0,0.0,0.0,,980801,2018
56021002000,"Census Tract 20, Laramie County, Wyoming",9411.0,80379.0,709.0,0.07533737116140686,3722.0,3409.0,313.0,0.08409457281031703,002000,2018
56021000600,"Census Tract 6, Laramie County, Wyoming",5815.0,55703.0,650.0,0.1117798796216681,2939.0,2625.0,314.0,0.10683906090506975,000600,2018
56021000700,"Census Tract 7, Laramie County, Wyoming",3981.0,29119.0,840.0,0.21100226073850792,2341.0,1973.0,368.0,0.15719777872703972,000700,2018
56021000800,"Census Tract 8, Laramie County, Wyoming",1793.0,64964.0,146.0,0.08142777467930842,870.0,818.0,52.0,0.059770114942528735,000800,2018
56021001000,"Census Tract 10, Laramie County, Wyoming",3123.0,56346.0,167.0,0.05347422350304195,1630.0,1428.0,202.0,0.12392638036809817,001000,2018
56021001300,"Census Tract 13, Laramie County, Wyoming",8084.0,84077.0,349.0,0.043171697179614055,3597.0,3597.0,0.0,0.0,001300,2018
56021000402,"Census Tract 4.02, Laramie County, Wyoming",6612.0,39832.0,1048.0,0.15849969751966123,2727.0,2566.0,161.0,0.05903923725705904,000402,2018
56021001100,"Census Tract 11, Laramie County, Wyoming",2300.0,71314.0,6.0,0.0026086956521739132,554.0,491.0,63.0,0.11371841155234658,001100,2018
56021001200,"Census Tract 12, Laramie County, Wyoming",4830.0,91474.0,127.0,0.02629399585921325,2297.0,1974.0,323.0,0.14061819764910752,001200,2018
56021001502,"Census Tract 15.02, Laramie County, Wyoming",4809.0,40132.0,984.0,0.20461634435433562,2576.0,2208.0,368.0,0.14285714285714285,001502,2018
56021000300,"Census Tract 3, Laramie County, Wyoming",3878.0,67500.0,330.0,0.0850954100051573,1479.0,1360.0,119.0,0.08045977011494253,000300,2018
56021000401,"Census Tract 4.01, Laramie County, Wyoming",5028.0,55231.0,812.0,0.1614956245027844,2073.0,1856.0,217.0,0.10467920887602508,000401,2018
56021001501,"Census Tract 15.01, Laramie County, Wyoming",5254.0,64418.0,180.0,0.03425961172440046,2323.0,2160.0,163.0,0.07016788635385278,001501,2018
56021000200,"Census Tract 2, Laramie County, Wyoming",4782.0,46129.0,969.0,0.20263488080301129,2233.0,2005.0,228.0,0.10210479175996418,000200,2018
56021000900,"Census Tract 9, Laramie County, Wyoming",2787.0,77656.0,215.0,0.07714388231072838,1391.0,1247.0,144.0,0.10352264557872035,000900,2018
56021002000,"Census Tract 20, Laramie County, Wyoming",9853.0,87234.0,820.0,0.08322338374099258,3741.0,3509.0,232.0,0.06201550387596899,002000,2019
56021000600,"Census Tract 6, Laramie County, Wyoming",5969.0,62348.0,649.0,0.10872843022281789,2953.0,2677.0,276.0,0.0934642736200474,000600,2019
56021000700,"Census Tract 7, Laramie County, Wyoming",3954.0,31882.0,805.0,0.2035912999494183,2389.0,2026.0,363.0,0.15194642109669318,000700,2019
56021000800,"Census Tract 8, Laramie County, Wyoming",1801.0,66172.0,133.0,0.07384786229872294,858.0,807.0,51.0,0.05944055944055944,000800,2019
56021001000,"Census Tract 10, Laramie County, Wyoming",3163.0,63542.0,153.0,0.04837179892507114,1661.0,1466.0,195.0,0.11739915713425647,001000,2019
56021001300,"Census Tract 13, Laramie County, Wyoming",8203.0,86761.0,396.0,0.048275021333658415,3706.0,3688.0,18.0,0.004856988667026443,001300,2019
56021000402,"Census Tract 4.02, Laramie County, Wyoming",6626.0,43337.0,1133.0,0.17099305765167522,2747.0,2513.0,234.0,0.085183836912996,000402,2019
56021001100,"Census Tract 11, Laramie County, Wyoming",2456.0,75142.0,20.0,0.008143322475570033,595.0,539.0,56.0,0.09411764705882353,001100,2019
56021001200,"Census Tract 12, Laramie County, Wyoming",4662.0,82292.0,244.0,0.05233805233805234,2295.0,2017.0,278.0,0.12113289760348583,001200,2019
56021001502,"Census Tract 15.02, Laramie County, Wyoming",5083.0,47335.0,783.0,0.15404288805823332,2611.0,2305.0,306.0,0.1171964764458062,001502,2019
56021000300,"Census Tract 3, Laramie County, Wyoming",4069.0,69470.0,617.0,0.15163430818382895,1536.0,1432.0,104.0,0.06770833333333333,000300,2019
56021000401,"Census Tract 4.01, Laramie County, Wyoming",5271.0,57228.0,713.0,0.13526845000948587,2045.0,1815.0,230.0,0.11246943765281174,000401,2019
56021001501,"Census Tract 15.01, Laramie County, Wyoming",5517.0,68798.0,288.0,0.052202283849918436,2416.0,2247.0,169.0,0.06995033112582781,001501,2019
56021000200,"Census Tract 2, Laramie County, Wyoming",4791.0,43532.0,1130.0,0.23585890210811938,2323.0,2081.0,242.0,0.10417563495479983,000200,2019
56021000900,"Census Tract 9, Laramie County, Wyoming",2759.0,75268.0,202.0,0.07321493294671982,1475.0,1334.0,141.0,0.09559322033898306,000900,2019
56021000501,"Census Tract 5.01, Laramie County, Wyoming",8092.0,79224.0,486.0,0.06005931784478497,3209.0,2996.0,213.0,0.0663758180118417,000501,2019
56021001401,"Census Tract 14.01, Laramie County, Wyoming",4105.0,73795.0,287.0,0.06991473812423873,1718.0,1589.0,129.0,0.07508731082654249,001401,2019
56021001402,"Census Tract 14.02, Laramie County, Wyoming",2671.0,65192.0,206.0,0.07712467240733807,1138.0,1052.0,86.0,0.07557117750439367,001402,2019
56021001901,"Census Tract 19.01, Laramie County, Wyoming",5088.0,98949.0,222.0,0.04363207547169811,2005.0,1932.0,73.0,0.03640897755610972,001901,2019
56021001902,"Census Tract 19.02, Laramie County, Wyoming",4187.0,87794.0,245.0,0.05851444948650585,1963.0,1658.0,305.0,0.1553744268976057,001902,2019
56021980801,"Census Tract 9808.01, Laramie County, Wyoming",0.0,,0.0,,0.0,0.0,0.0,,980801,2019
56021000200,"Census Tract 2, Laramie County, Wyoming",4718.0,44012.0,997.0,0.21131835523526918,2235.0,2004.0,231.0,0.10335570469798658,000200,2020
56021000300,"Census Tract 3, Laramie County, Wyoming",4238.0,76136.0,539.0,0.12718263331760266,1593.0,1474.0,119.0,0.07470182046453233,000300,2020
56021000401,"Census Tract 4.01, Laramie County, Wyoming",4936.0,58393.0,851.0,0.1724068071312804,2111.0,1857.0,254.0,0.12032212221695879,000401,2020
56021000403,"Census Tract 4.03, Laramie County, Wyoming",4177.0,47507.0,633.0,0.15154417045726598,1572.0,1437.0,135.0,0.08587786259541985,000403,2020
56021000404,"Census Tract 4.04, Laramie County, Wyoming",2097.0,39755.0,252.0,0.12017167381974249,1124.0,1018.0,106.0,0.09430604982206406,000404,2020
56021000503,"Census Tract 5.03, Laramie County, Wyoming",5411.0,77808.0,370.0,0.06837922749953798,2236.0,2122.0,114.0,0.050983899821109124,000503,2020
56021000601,"Census Tract 6.01, Laramie County, Wyoming",3051.0,50854.0,361.0,0.11832186168469354,1572.0,1310.0,262.0,0.16666666666666666,000601,2020
56021000602,"Census Tract 6.02, Laramie County, Wyoming",2947.0,64936.0,202.0,0.06854428232100442,1346.0,1270.0,76.0,0.05646359583952452,000602,2020
56021000701,"Census Tract 7.01, Laramie County, Wyoming",2693.0,42241.0,234.0,0.08689194207203862,1779.0,1533.0,246.0,0.13827993254637436,000701,2020
56021000702,"Census Tract 7.02, Laramie County, Wyoming",1247.0,30982.0,178.0,0.14274258219727345,666.0,574.0,92.0,0.13813813813813813,000702,2020
56021000800,"Census Tract 8, Laramie County, Wyoming",1665.0,70521.0,103.0,0.061861861861861864,812.0,737.0,75.0,0.09236453201970443,000800,2020
56021000900,"Census Tract 9, Laramie County, Wyoming",2511.0,79233.0,150.0,0.05973715651135006,1411.0,1267.0,144.0,0.10205527994330262,000900,2020
56021001000,"Census Tract 10, Laramie County, Wyoming",3160.0,57096.0,226.0,0.07151898734177216,1685.0,1501.0,184.0,0.10919881305637982,001000,2020
56021001100,"Census Tract 11, Laramie County, Wyoming",2997.0,63333.0,134.0,0.044711378044711377,759.0,746.0,13.0,0.017127799736495388,001100,2020
56021001200,"Census Tract 12, Laramie County, Wyoming",4971.0,91100.0,411.0,0.08267954133977067,2411.0,2182.0,229.0,0.09498133554541684,001200,2020
56021001301,"Census Tract 13.01, Laramie County, Wyoming",2564.0,67269.0,252.0,0.09828393135725429,1407.0,1317.0,90.0,0.06396588486140725,001301,2020
56021001302,"Census Tract 13.02, Laramie County, Wyoming",5645.0,106083.0,76.0,0.013463241806908768,2257.0,2206.0,51.0,0.02259636685866194,001302,2020
56021001401,"Census Tract 14.01, Laramie County, Wyoming",3691.0,77444.0,194.0,0.05256028176645895,1552.0,1458.0,94.0,0.06056701030927835,001401,2020
56021001402,"Census Tract 14.02, Laramie County, Wyoming",2821.0,64856.0,181.0,0.0641616448068061,1408.0,1344.0,64.0,0.045454545454545456,001402,2020
56021001501,"Census Tract 15.01, Laramie County, Wyoming",5530.0,72081.0,372.0,0.06726943942133816,2379.0,2196.0,183.0,0.07692307692307693,001501,2020
56021001502,"Census Tract 15.02, Laramie County, Wyoming",4648.0,53587.0,442.0,0.0950946643717728,2362.0,2144.0,218.0,0.09229466553767993,001502,2020
56021001901,"Census Tract 19.01, Laramie County, Wyoming",5497.0,105259.0,243.0,0.04420593050754957,2048.0,1951.0,97.0,0.04736328125,001901,2020
56021001902,"Census Tract 19.02, Laramie County, Wyoming",4441.0,86667.0,153.0,0.034451700067552354,2105.0,1806.0,299.0,0.14204275534441804,001902,2020
56021002001,"Census Tract 20.01, Laramie County, Wyoming",4314.0,69657.0,455.0,0.10547056096430227,1632.0,1528.0,104.0,0.06372549019607843,002001,2020
56021002002,"Census Tract 20.02, Laramie County, Wyoming",6001.0,106667.0,402.0,0.06698883519413432,2264.0,2148.0,116.0,0.05123674911660778,002002,2020
56021980801,"Census Tract 9808.01, Laramie County, Wyoming",0.0,,0.0,,0.0,0.0,0.0,,980801,2020
56021000502,"Census Tract 5.02, Laramie County, Wyoming",3301.0,99375.0,262.0,0.0793698879127537,1115.0,1072.0,43.0,0.03856502242152467,000502,2020
56021000200,"Census Tract 2, Laramie County, Wyoming",4797.0,45319.0,835.0,0.17406712528663748,2257.0,2099.0,158.0,0.07000443066016837,000200,2021
56021000300,"Census Tract 3, Laramie County, Wyoming",4483.0,70938.0,491.0,0.10952487173767567,1593.0,1523.0,70.0,0.04394224733207784,000300,2021
56021000401,"Census Tract 4.01, Laramie County, Wyoming",5075.0,60579.0,968.0,0.19073891625615763,2133.0,1965.0,168.0,0.07876230661040788,000401,2021
56021000403,"Census Tract 4.03, Laramie County, Wyoming",4443.0,48361.0,605.0,0.13616925500787755,1584.0,1475.0,109.0,0.06881313131313131,000403,2021
56021000404,"Census Tract 4.04, Laramie County, Wyoming",2007.0,48032.0,154.0,0.07673143996013951,1141.0,1064.0,77.0,0.06748466257668712,000404,2021
56021000502,"Census Tract 5.02, Laramie County, Wyoming",3425.0,80982.0,734.0,0.2143065693430657,1102.0,1056.0,46.0,0.041742286751361164,000502,2021
56021000503,"Census Tract 5.03, Laramie County, Wyoming",5334.0,78560.0,231.0,0.04330708661417323,2293.0,2183.0,110.0,0.04797208896641954,000503,2021
56021000601,"Census Tract 6.01, Laramie County, Wyoming",2914.0,56012.0,243.0,0.08339052848318462,1448.0,1273.0,175.0,0.12085635359116022,000601,2021
56021000602,"Census Tract 6.02, Laramie County, Wyoming",2600.0,69522.0,332.0,0.1276923076923077,1286.0,1211.0,75.0,0.0583203732503888,000602,2021
56021000701,"Census Tract 7.01, Laramie County, Wyoming",2739.0,46783.0,282.0,0.10295728368017525,1711.0,1533.0,178.0,0.10403272939801286,000701,2021
56021000702,"Census Tract 7.02, Laramie County, Wyoming",1193.0,47522.0,66.0,0.055322715842414084,676.0,581.0,95.0,0.14053254437869822,000702,2021
56021000800,"Census Tract 8, Laramie County, Wyoming",1623.0,69464.0,163.0,0.1004313000616143,790.0,717.0,73.0,0.09240506329113925,000800,2021
56021000900,"Census Tract 9, Laramie County, Wyoming",2531.0,77982.0,144.0,0.05689450809956539,1428.0,1302.0,126.0,0.08823529411764706,000900,2021
56021001000,"Census Tract 10, Laramie County, Wyoming",3142.0,55134.0,249.0,0.0792488860598345,1687.0,1495.0,192.0,0.11381149970361588,001000,2021
56021001100,"Census Tract 11, Laramie County, Wyoming",2884.0,67222.0,131.0,0.045423023578363385,737.0,722.0,15.0,0.0203527815468114,001100,2021
56021001200,"Census Tract 12, Laramie County, Wyoming",4861.0,87413.0,407.0,0.08372762806006995,2363.0,2187.0,176.0,0.07448159119763013,001200,2021
56021001301,"Census Tract 13.01, Laramie County, Wyoming",2640.0,75809.0,298.0,0.11287878787878788,1387.0,1298.0,89.0,0.06416726748377793,001301,2021
56021001302,"Census Tract 13.02, Laramie County, Wyoming",5405.0,114795.0,95.0,0.01757631822386679,2178.0,2125.0,53.0,0.024334251606978878,001302,2021
56021001401,"Census Tract 14.01, Laramie County, Wyoming",3736.0,83036.0,111.0,0.029710920770877943,1539.0,1402.0,137.0,0.08901884340480831,001401,2021
56021001402,"Census Tract 14.02, Laramie County, Wyoming",2732.0,66445.0,159.0,0.058199121522694,1258.0,1206.0,52.0,0.04133545310015898,001402,2021
56021001501,"Census Tract 15.01, Laramie County, Wyoming",5629.0,76708.0,309.0,0.054894297388523715,2431.0,2245.0,186.0,0.0765117235705471,001501,2021
56021001502,"Census Tract 15.02, Laramie County, Wyoming",5174.0,56131.0,402.0,0.0776961731735601,2587.0,2421.0,166.0,0.06416698879010437,001502,2021
56021001901,"Census Tract 19.01, Laramie County, Wyoming",5349.0,105221.0,237.0,0.0443073471676949,2064.0,1971.0,93.0,0.04505813953488372,001901,2021
56021001902,"Census Tract 19.02, Laramie County, Wyoming",4448.0,90368.0,152.0,0.0341726618705036,2122.0,1848.0,274.0,0.1291234684260132,001902,2021
56021002001,"Census Tract 20.01, Laramie County, Wyoming",4272.0,75296.0,631.0,0.1477059925093633,1672.0,1583.0,89.0,0.053229665071770335,002001,2021
56021002002,"Census Tract 20.02, Laramie County, Wyoming",6469.0,100590.0,396.0,0.06121502550626063,2415.0,2357.0,58.0,0.02401656314699793,002002,2021
56021980801,"Census Tract 9808.01, Laramie County, Wyoming",0.0,,0.0,,0.0,0.0,0.0,,980801,2021
56021000200,Census Tract 2; Laramie County; Wyoming,4537.0,47412.0,822.0,0.18117698919991185,2299.0,2093.0,206.0,0.08960417572857764,000200,2022
56021000300,Census Tract 3; Laramie County; Wyoming,4495.0,63304.0,715.0,0.15906562847608455,1587.0,1529.0,58.0,0.036546943919344675,000300,2022
56021000401,Census Tract 4.01; Laramie County; Wyoming,5000.0,64227.0,887.0,0.1774,2132.0,2012.0,120.0,0.05628517823639775,000401,2022
56021000403,Census Tract 4.03; Laramie County; Wyoming,4390.0,54511.0,838.0,0.1908883826879271,1603.0,1477.0,126.0,0.07860262008733625,000403,2022
56021000404,Census Tract 4.04; Laramie County; Wyoming,1773.0,52820.0,196.0,0.11054709531866892,1196.0,1091.0,105.0,0.08779264214046822,000404,2022
56021000502,Census Tract 5.02; Laramie County; Wyoming,3074.0,81272.0,492.0,0.16005204944697463,1074.0,1001.0,73.0,0.06797020484171322,000502,2022
56021000503,Census Tract 5.03; Laramie County; Wyoming,5512.0,85817.0,244.0,0.04426705370101597,2267.0,2203.0,64.0,0.0282311424790472,000503,2022
56021000601,Census Tract 6.01; Laramie County; Wyoming,2793.0,64914.0,224.0,0.08020050125313283,1465.0,1250.0,215.0,0.14675767918088736,000601,2022
56021000602,Census Tract 6.02; Laramie County; Wyoming,3040.0,94167.0,199.0,0.06546052631578947,1340.0,1340.0,0.0,0.0,000602,2022
56021000701,Census Tract 7.01; Laramie County; Wyoming,2917.0,49961.0,243.0,0.08330476516969489,1785.0,1529.0,256.0,0.1434173669467787,000701,2022
56021000702,Census Tract 7.02; Laramie County; Wyoming,1085.0,,56.0,0.05161290322580645,678.0,615.0,63.0,0.09292035398230089,000702,2022
56021000800,Census Tract 8; Laramie County; Wyoming,1677.0,68906.0,177.0,0.10554561717352415,787.0,728.0,59.0,0.07496823379923762,000800,2022
56021000900,Census Tract 9; Laramie County; Wyoming,2591.0,80833.0,124.0,0.04785796989579313,1443.0,1340.0,103.0,0.07137907137907137,000900,2022
56021001000,Census Tract 10; Laramie County; Wyoming,3173.0,59167.0,231.0,0.07280176489127009,1676.0,1468.0,208.0,0.12410501193317422,001000,2022
56021001100,Census Tract 11; Laramie County; Wyoming,2836.0,58856.0,144.0,0.05077574047954866,792.0,773.0,19.0,0.023989898989898988,001100,2022
56021001200,Census Tract 12; Laramie County; Wyoming,4799.0,86616.0,297.0,0.06188789331110648,2330.0,2141.0,189.0,0.08111587982832617,001200,2022
56021001301,Census Tract 13.01; Laramie County; Wyoming,2583.0,81883.0,383.0,0.14827719705768486,1386.0,1295.0,91.0,0.06565656565656566,001301,2022
56021001302,Census Tract 13.02; Laramie County; Wyoming,5020.0,115426.0,187.0,0.037250996015936254,2160.0,2034.0,126.0,0.058333333333333334,001302,2022
56021001401,Census Tract 14.01; Laramie County; Wyoming,3935.0,89853.0,209.0,0.05311308767471411,1546.0,1430.0,116.0,0.07503234152652005,001401,2022
56021001402,Census Tract 14.02; Laramie County; Wyoming,2756.0,73598.0,79.0,0.028664731494920173,1257.0,1238.0,19.0,0.015115354017501989,001402,2022
56021001501,Census Tract 15.01; Laramie County; Wyoming,5746.0,82237.0,297.0,0.051688130873651233,2505.0,2393.0,112.0,0.04471057884231537,001501,2022
56021001502,Census Tract 15.02; Laramie County; Wyoming,5230.0,65257.0,460.0,0.08795411089866156,2640.0,2513.0,127.0,0.048106060606060604,001502,2022
56021001901,Census Tract 19.01; Laramie County; Wyoming,5492.0,121900.0,190.0,0.03459577567370721,2074.0,2008.0,66.0,0.03182256509161042,001901,2022
56021001902,Census Tract 19.02; Laramie County; Wyoming,4735.0,101119.0,82.0,0.017317845828933476,2142.0,1849.0,293.0,0.13678804855275445,001902,2022
56021002001,Census Tract 20.01; Laramie County; Wyoming,4598.0,84517.0,644.0,0.14006089604175728,1759.0,1691.0,68.0,0.038658328595793066,002001,2022
56021002002,Census Tract 20.02; Laramie County; Wyoming,6529.0,118036.0,411.0,0.06294991576045336,2466.0,2366.0,100.0,0.040551500405515,002002,2022
56021980801,Census Tract 9808.01; Laramie County; Wyoming,0.0,,0.0,,0.0,0.0,0.0,,980801,2022
